user_id,name,age,location,signup_date
1,Brian Martin,58,Amberchester,2024-05-13
2,Christine Miller,48,Charleston,2023-12-08
3,Julie Brown,26,Johnstonburgh,2023-11-12
4,Adrian Peck,44,Kennethhaven,2024-06-28
5,Ryan Wilkins,28,Sullivantown,2024-06-15
6,April Harris,49,Hernandezville,2024-05-23
7,Dalton Blake,32,East Monique,2025-06-18
8,Alison Beck,55,West Victor,2025-02-15
9,Sean Reeves,58,New Elizabethtown,2023-10-01
10,Christina Harris,45,Spencerfort,2024-01-10
11,Helen Lopez,50,Amyberg,2023-10-25
12,Christina Robinson,58,Williamsstad,2024-04-29
13,Alyssa Mendoza,52,Amyville,2024-11-10
14,Beth Mckinney,29,East Kimberly,2023-12-08
15,Clarence Chambers,49,East Lucas,2024-01-10
16,Kevin Collins,21,South Lisabury,2024-05-12
17,Shirley Robinson,48,West Kennethfort,2024-04-01
18,Jennifer Cross,32,Alexandermouth,2025-05-01
19,Isabel Callahan,35,Port Stephanie,2023-12-13
20,Anthony Stone,49,Kevinchester,2024-07-26
21,Eric Lee,46,Lake Kathrynhaven,2023-12-21
22,Michael Smith,21,Baileybury,2024-09-21
23,Deborah Love,56,Stephaniefurt,2024-01-20
24,Jacqueline Patterson,48,Port Nicholasmouth,2024-02-23
25,Caitlin Williams,21,Adamville,2025-02-15
26,Edward Johnson,52,Port Miguel,2024-10-29
27,Danielle Lopez,20,Johntown,2025-03-22
28,Johnny Miranda,44,South Ashleyburgh,2025-04-17
29,Stacey Campbell,39,North Chrisberg,2025-05-26
30,Anita Schultz,18,Lake Dylanshire,2025-05-27
31,Amanda Mitchell,46,Denisefurt,2023-09-11
32,Angela Esparza,32,North Seanborough,2024-07-06
33,Michael Weaver,40,Elizabethshire,2024-02-10
34,Benjamin Howard,33,Jasminestad,2025-03-22
35,Melanie Rush,52,East Elizabeth,2024-10-14
36,Cynthia Reed,30,Lake Danielton,2024-09-05
37,Jacob Cohen,51,South Johnmouth,2023-07-13
38,Christopher Nguyen,55,Kochtown,2025-03-02
39,Caitlin Valencia,19,Robinsontown,2024-02-07
40,Jessica Gomez,58,North Robertstad,2024-03-20
41,Kyle Powers,24,Thompsonfort,2024-10-10
42,Margaret Mcneil,56,Lake Katherine,2024-09-07
43,Angela Ball,18,Huntview,2025-04-22
44,Brett Pollard,30,North Justin,2025-05-12
45,Drew King,33,West Tina,2025-01-10
46,Margaret Fisher,36,Allenchester,2023-10-25
47,Kara Webb,58,New Keith,2023-10-30
48,Kenneth Murray,53,Port Emilyborough,2024-04-30
49,Derek Singh,32,Lake Davidfort,2024-06-06
50,Joseph Rodriguez,44,Floresborough,2023-10-14
51,Bruce Watson,46,Erinview,2024-09-23
52,Jamie Luna,50,East Brian,2025-04-24
53,Eric White,37,Alyssastad,2024-01-05
54,Courtney Allen,23,Biancaside,2023-11-28
55,Connor Jones,23,East Garytown,2025-01-11
56,Sara Gregory,23,Meganstad,2025-06-16
57,Jennifer Moore,29,North Louis,2024-09-13
58,Jennifer Anderson,22,Scottfort,2023-09-04
59,Darrell Bell,43,Chaseview,2024-12-29
60,Gary James,34,Lake Theresa,2024-11-06
61,Jennifer Collier,30,West Lauraburgh,2024-11-29
62,Joseph Wright,59,Robertston,2023-07-19
63,Jonathan Berg,30,New Rodneyberg,2024-09-24
64,Monica Cochran,47,South Maryfurt,2025-06-11
65,Logan Bean,24,East Charlesborough,2024-03-29
66,Valerie Castro,46,Lake Brandibury,2024-08-27
67,Carmen Byrd,25,Port Thomas,2023-07-30
68,Jason Shaw,19,Mcdowellport,2023-12-15
69,Ashley Padilla,37,Port Gina,2024-02-10
70,Terry Powell,42,Jamiemouth,2024-11-18
71,Miss Kayla Hicks,19,Port Anthonyside,2023-07-24
72,Kimberly Bernard,29,South Robert,2024-10-24
73,Paul Neal,33,North Andrew,2024-08-07
74,Kirsten Thomas,50,Port Coreyborough,2024-08-06
75,Vicki Soto,22,Hughesside,2025-03-22
76,Douglas Peterson,23,Hansenbury,2024-09-20
77,Sharon Martinez,45,South April,2024-08-13
78,Mark Johnson,36,West Tammy,2024-05-26
79,Richard Allen,35,Michelefort,2024-05-15
80,Veronica Griffin,19,Joshuaside,2024-05-21
81,Brandi Johnston,42,Hughesmouth,2025-01-23
82,Paul Arellano,59,Castillofort,2024-02-09
83,Jamie Mitchell,39,Norrisborough,2023-08-27
84,Joseph Reed,30,Jeffreyburgh,2023-09-25
85,Shirley Edwards,21,South Adam,2024-07-22
86,Amy Russell,20,Josephfort,2024-05-15
87,Mary Garrison,26,Rachelberg,2024-10-28
88,Joshua Daniels,57,Lake Johnbury,2024-03-06
89,Courtney Ramirez,19,East Kariberg,2024-05-10
90,Kara Rosario,22,Lake Franciscoborough,2025-02-16
91,Scott Flores,30,Brownville,2023-08-27
92,Thomas Cherry,39,South Samuelland,2025-01-10
93,Trevor Gibson,50,North Nataliemouth,2025-01-28
94,Robert Camacho,25,Taraborough,2023-11-26
95,Barbara Howard,45,East Teresamouth,2023-09-22
96,Brian Stewart,50,West Amberview,2024-04-20
97,Mr. Christopher Ferrell,35,Lopezton,2025-05-15
98,Robert Tucker,51,New Adammouth,2024-07-17
99,Michael Downs,38,East Martha,2023-11-07
100,Valerie Stokes,40,Martinezstad,2023-08-27
101,Valerie Murray,58,New Tylerview,2024-03-06
102,Alexandria Guzman,18,West Kelsey,2024-08-08
103,Christine Long,34,East Seth,2024-07-27
104,Christine Brown,39,Masseystad,2024-11-06
105,Joseph Stark,24,South Donnaberg,2024-02-02
106,Christopher Kennedy,40,Port Matthew,2024-06-28
107,Sherri Elliott,36,Craigberg,2023-11-19
108,Judith Kim,31,Lake Lynn,2024-03-08
109,Jessica Jordan,42,Thomasland,2025-02-06
110,Rebecca Dodson,53,Angelicaside,2024-06-16
111,Alexander Pugh,26,Lake Patrickmouth,2023-10-04
112,Joshua Burgess,50,New Danielle,2025-02-07
113,Michael Reyes,55,South Patriciaville,2024-07-05
114,Lisa Harris,47,Kristinside,2023-07-22
115,Amy Gardner,58,Destinyville,2023-10-23
116,Daniel Bennett,46,West Anntown,2024-04-08
117,Carly Pearson,59,Jeffreymouth,2025-04-20
118,Debra Williams,58,East Kaitlyn,2024-05-08
119,Katelyn Castillo,55,North Brucefurt,2025-06-27
120,Steven Wilkinson,54,Andrewschester,2023-10-01
121,Julie Hoffman,38,South Connie,2024-11-25
122,Kelly Erickson,41,Garciaborough,2024-11-02
123,Matthew Torres,19,Montgomeryfort,2025-04-08
124,Tyler Brooks,56,Davisberg,2024-03-20
125,Joshua Freeman,19,Ricefort,2025-01-19
126,John Ferguson,25,Port Lisaport,2024-01-18
127,Michael Cummings,26,Lake Andrew,2024-01-02
128,Andrea Hernandez,48,Crossstad,2024-04-07
129,Amy Montgomery,56,Paulmouth,2025-03-28
130,Melissa Lee,34,Pearsonfort,2023-09-27
131,Dana Williams MD,31,West Christopherberg,2023-08-05
132,Bonnie Weeks,30,Jameshaven,2023-10-25
133,Darlene Wright,55,East Scottmouth,2025-02-10
134,Donald Stephens,40,New Josephport,2025-01-18
135,Carol Parker,47,Brendaport,2024-04-06
136,Erin Greer,52,South Jacobshire,2024-02-05
137,Casey Klein,37,South Carol,2025-03-27
138,Joy Anderson,35,Tinamouth,2024-12-18
139,Aaron Murphy,35,West Teresastad,2023-11-08
140,Joshua Young,32,Lake Brandyside,2025-01-06
141,Elizabeth Nelson,34,West Deniseside,2024-07-27
142,Hannah Zimmerman,31,Port Noah,2023-10-11
143,Madison Krueger,49,Wilkersonfort,2024-12-10
144,Jonathan Thompson,43,Katherineshire,2024-12-31
145,Sylvia Wilson,29,West Jake,2024-04-29
146,Jermaine Saunders,29,Patelport,2024-02-14
147,Alison White,50,Rhondaland,2025-05-20
148,Melissa Estes,46,East Angelica,2023-08-25
149,Lisa Cook,27,Frankside,2024-02-22
150,Maria Leon,28,West Steven,2024-06-11
151,Richard Sampson,59,Lake Rebeccamouth,2024-04-28
152,Shane Valencia,32,Port Julie,2025-05-31
153,Robert Martinez,25,Charlesview,2024-12-06
154,Amanda Briggs,59,Thompsonborough,2023-07-30
155,David Padilla,54,Dianeberg,2024-05-23
156,Steven Richards,37,Port Ashleyview,2024-06-21
157,Elizabeth Clark,19,Williamchester,2025-05-24
158,Laura Lopez,51,Port Adam,2025-02-15
159,Craig Davis,42,Lake Annafort,2025-05-27
160,Zachary Hall,35,Dakotamouth,2025-03-26
161,Megan Evans,47,Barnesmouth,2024-06-16
162,Kimberly Nichols,20,Edwinview,2024-02-28
163,Angela Lopez,49,West Shane,2024-10-06
164,Monica Caldwell,24,Jennifermouth,2023-09-11
165,Carly Williams,20,East Curtisstad,2025-03-23
166,David Hurst,37,Scottstad,2023-08-03
167,Michael Foley,21,East Megan,2025-02-02
168,Michael Pineda,32,Mirandaton,2024-07-21
169,Daniel Ellis,25,Johnsonborough,2025-02-25
170,Matthew Stevens,40,Sheriview,2025-02-15
171,Thomas Hebert,41,South Michaelport,2025-06-15
172,Benjamin Vasquez,52,Huntburgh,2024-09-19
173,Becky Lawson,18,North Christopherchester,2024-03-12
174,Taylor Roberts,57,Port Kristinstad,2024-03-24
175,Terry Guzman,45,North Clayton,2023-11-04
176,Charles Jones,50,West Johnside,2024-03-05
177,Ann Price,34,South Ryanfort,2025-02-01
178,Justin Mayer,36,West Heatherside,2024-09-02
179,Amy Johnson,18,Scotthaven,2024-02-22
180,Suzanne Vaughn,53,Lake Ericside,2023-08-31
181,Joseph Garcia,54,North Paula,2024-12-20
182,Jasmine Myers,18,Port Cassidyville,2024-07-10
183,Angelica Washington,58,Jamesmouth,2025-03-09
184,John Perez,37,Port Drewmouth,2024-07-04
185,Michelle Green,37,West Andrea,2024-06-02
186,Mark Green,31,New Jenniferview,2024-09-21
187,Kimberly Navarro,43,Lake Allisonfort,2023-07-31
188,David Mcintosh MD,34,Lake Gabrielfort,2025-03-14
189,Paul Jacobs,41,Janetside,2023-09-29
190,Julia Little,57,Lake Alan,2024-07-30
191,Dave Edwards,41,Harrishaven,2024-10-07
192,Whitney Bailey,44,Lake Kyleport,2024-02-02
193,Duane Dodson,41,Hernandeztown,2023-07-17
194,Kimberly Mcpherson,57,Port Loristad,2023-10-22
195,Patrick Beck,30,Wrightville,2024-09-02
196,Melissa Robbins,24,New Paul,2025-03-15
197,Stephanie Cervantes,50,West Cindy,2023-11-29
198,Tracie Anderson,41,Cindyview,2024-10-16
199,Amber Hart,37,Davidbury,2025-03-23
200,Thomas Deleon,51,Alexisfort,2025-05-13
201,Michelle Cannon,27,New Stacy,2025-02-17
202,Vincent Williams,35,New Williamfort,2024-01-31
203,Steven Santos,26,Phillipston,2023-07-07
204,Kaitlin Hicks,32,Port Bryan,2024-06-19
205,Tanya Herrera,53,Brownshire,2024-02-04
206,Paul Williams,39,Lake Jacob,2025-03-05
207,Kelly Taylor,42,Wrightmouth,2025-05-01
208,Steven Jones,37,Port Thomasport,2023-08-24
209,Angela Adams,37,West Ryan,2024-12-06
210,Rachel Moore MD,23,West Sheila,2025-04-26
211,Timothy Gibson,25,Guzmanside,2023-11-29
212,Greg Miller,20,Michaeltown,2025-01-14
213,Brian Cole,47,Lake Timothyburgh,2024-07-21
214,Roy Barrett,54,North Lauren,2025-04-03
215,Jonathon Bullock,22,Emmaburgh,2023-10-03
216,Danny Bailey,47,New Natashaland,2023-09-08
217,Emily Mueller,57,Lake Christopherton,2024-12-18
218,Stacy Miller,55,Reneeville,2024-12-27
219,Scott Murphy,25,Theresaberg,2024-02-14
220,Raymond Baker,23,Port Jillianmouth,2024-04-17
221,James Kim,45,Julianburgh,2024-12-15
222,Christopher Parsons,38,Gomezburgh,2023-12-31
223,Kimberly Reese,59,Cooperchester,2023-08-09
224,David Hill,37,New Anthonystad,2024-04-16
225,Melissa Gray,34,Lake Lee,2024-06-17
226,Cheryl Williams,43,East Marcustown,2024-01-07
227,Ashley Ward,27,North Leah,2024-10-01
228,Rebecca Green,54,East Jamesfort,2025-07-02
229,Edwin Malone,29,East Jason,2025-03-04
230,Brandi English,33,Michaelberg,2024-01-22
231,Elizabeth Mcintosh,25,Kevinport,2024-06-01
232,Lisa Olson,54,West Heatherview,2025-02-26
233,Amber Smith,23,Port Matthewtown,2024-06-18
234,Traci Baker,40,Nelsonville,2024-07-28
235,Deborah Bell,36,South Dawn,2025-06-25
236,George Porter,56,Valentineshire,2024-04-19
237,Paula Farmer,35,South Olivia,2024-02-02
238,Lisa Krause,43,Robertstad,2025-01-10
239,Sara Chavez,36,East Bobbyhaven,2024-09-23
240,Eric Ramirez,31,Richardsonville,2025-02-20
241,Penny Ruiz,35,Holtville,2024-02-04
242,Katrina Fischer,56,Christinetown,2023-08-08
243,Anna Wolf,23,Williamston,2024-12-22
244,Seth Brown,46,Garciastad,2023-11-04
245,Sarah Carpenter,56,Jacquelineton,2025-05-11
246,Robert Duncan,48,South Jacobside,2024-11-22
247,Crystal Fuller,25,Jonesland,2024-02-16
248,Meghan Wilson,40,Wardtown,2023-09-10
249,Justin Thomas,50,Port Lori,2024-04-10
250,Aaron Johnson,56,West Robertside,2024-02-04
251,Raven Mcdaniel,47,Rodriguezfort,2023-12-19
252,Sarah Miranda,39,East Lisa,2025-04-19
253,Courtney Barr,40,Jeffreyville,2024-03-17
254,Ernest Duran,29,Traceymouth,2024-02-14
255,Tiffany Wilson,48,Parsonsshire,2024-09-09
256,Virginia Cohen,31,Port Lori,2023-12-13
257,Darrell Wallace,53,North Nicholasville,2025-04-16
258,Robert Allen,38,Port Jamesland,2024-04-21
259,David Munoz DDS,53,Clarkbury,2024-05-14
260,Amanda Castaneda,24,Christophermouth,2024-04-04
261,Charlotte Evans,48,South Jamesmouth,2025-03-08
262,Brenda Ellis,18,Lake David,2024-04-04
263,Dalton Alvarez,51,New Jasonville,2023-11-07
264,Rodney Fox,30,Port Russell,2025-04-24
265,Natalie Berry,35,Lopezside,2023-07-07
266,Michelle Moore,35,Jessicaland,2024-04-20
267,Corey Cooper,41,Jenniferburgh,2023-12-03
268,Samantha Valenzuela,55,East Anthonyside,2024-08-17
269,Patricia West,30,Lake Alexanderville,2023-12-13
270,Thomas Reid,53,West Melaniemouth,2024-11-19
271,Tammy Mcdonald,41,South Rebeccaview,2024-11-16
272,Jeffrey Drake,38,Fosterhaven,2025-05-07
273,Morgan Garcia,24,East Debbiemouth,2024-05-23
274,Benjamin Cook,24,Spencerburgh,2023-12-08
275,Amy Sharp,56,Craigmouth,2024-07-06
276,Michele Patton,38,Terrellton,2024-10-02
277,Tyler Williams,43,South Patriciachester,2023-10-11
278,Steven Barber,30,Kathrynfort,2024-01-24
279,Isabel Fernandez,53,Kennethtown,2023-09-24
280,Steven Melton,20,South Amyside,2024-09-17
281,Robert Grant,47,Moralesstad,2023-10-02
282,Daniel Bowers,38,Lake Markside,2024-06-01
283,Leah Maldonado,50,New Williammouth,2023-12-16
284,Sheila Graham,42,Michaelport,2023-09-18
285,Justin Daniels,31,Bakerhaven,2025-05-02
286,Ricky Phelps,41,Port Shelbyshire,2025-04-26
287,Heather Price,23,Fergusonfurt,2025-05-10
288,Mark Beard,48,New Christophermouth,2023-09-28
289,Carol Fuller,49,West Gregory,2024-09-14
290,Elizabeth Sanchez,46,South Joanna,2024-05-31
291,Linda Mendez,32,Port Mariomouth,2024-06-03
292,Lisa Mosley,20,North Sherry,2025-02-01
293,Henry Parks,33,Bradleyfurt,2023-08-04
294,Chelsea Barajas,40,Andrewhaven,2024-05-02
295,Rachel Morrow,22,Port Carlystad,2024-09-25
296,Amber Perez,58,Hallview,2023-07-22
297,Lindsay Vazquez,53,North Philliphaven,2025-06-19
298,David Wagner,52,East Matthewport,2024-12-18
299,Sarah Reyes,25,Eugeneberg,2025-06-23
300,Cynthia Bishop,29,Mcmahonland,2024-02-15
301,Teresa Braun,27,Jefferyfort,2024-02-18
302,Jimmy Melton,33,West Christopher,2024-06-13
303,Kenneth Dean,28,Markview,2023-11-13
304,Carmen Anderson,33,Port Miguelton,2024-12-17
305,Teresa Miller,31,Brooksmouth,2025-03-24
306,Karen Bauer,49,Lake Bryanton,2023-09-26
307,Caitlin Hayes,26,Jacksonshire,2024-04-06
308,Cynthia Reyes,27,Benjaminberg,2025-04-03
309,Douglas Edwards,35,Grahamville,2024-08-31
310,Louis Stewart,29,Port Heatherfurt,2023-12-02
311,Jorge Beard,44,Michaelhaven,2024-07-06
312,Amanda Williams,54,Hoffmanshire,2023-08-18
313,Michelle Hernandez,19,North Rachel,2024-07-28
314,Dale Rosales,34,Williamschester,2023-07-11
315,Dr. Shannon Hughes,35,Nealborough,2024-12-13
316,Kevin Castillo,42,Ericburgh,2023-09-19
317,Ryan Medina,23,Brownberg,2024-04-05
318,Crystal Richards,56,Curtiston,2024-01-03
319,Ian Rodriguez,35,Port Courtney,2023-10-29
320,Stephen Herrera,41,New Susan,2025-06-08
321,Jeffrey Sanchez,18,Beckbury,2024-02-18
322,Amanda Williamson,35,East Allisonport,2024-02-03
323,Kayla Mooney,40,Mackenzieberg,2024-03-05
324,Diana Espinoza,26,Palmerfurt,2025-05-02
325,William Scott,34,Ginamouth,2025-06-21
326,Ellen Burnett,25,North Courtneyfort,2025-04-06
327,James Rivers,21,East Kimberly,2023-09-01
328,James Frey,19,Larrymouth,2023-09-28
329,Gregory Willis III,43,Lake Melissa,2024-01-10
330,Adrienne Mays,21,Hopkinsshire,2024-10-16
331,Mr. Stephen Lewis,25,Davidtown,2025-05-26
332,Benjamin Fisher,22,Allenchester,2024-04-11
333,Robert Thomas,36,Michaelmouth,2023-07-07
334,Ryan Glenn,33,Staceyview,2024-01-19
335,Sarah Johnson,30,Lake Rebeccachester,2024-10-22
336,Michael Doyle,41,Allenhaven,2024-12-23
337,Michael Barnett,47,Brittanybury,2024-01-25
338,Henry Wright,39,Deanview,2024-06-23
339,Kimberly Wells,50,Beckerview,2023-09-16
340,Martin Larson,28,North Mark,2025-03-23
341,Alex Campos,26,East Brittany,2024-09-19
342,Christina Stout,41,Lake Shannon,2023-08-22
343,Zachary Ochoa,38,Paulside,2023-11-10
344,Mark Franklin,30,West Amanda,2025-04-21
345,Yolanda Pratt,45,West Victorberg,2024-06-20
346,Jennifer Wood,51,West Christophertown,2024-03-14
347,Deborah Perez,21,New Melanieburgh,2024-12-24
348,Michael Ramirez,41,South Alexis,2024-08-13
349,Adam Mcmillan,18,Jessicachester,2023-09-02
350,Bethany Smith,55,Kristinborough,2023-09-09
351,Mark Rodriguez,28,Amytown,2024-05-18
352,Rodney Anderson,58,East Douglasland,2024-11-02
353,Teresa Patrick,59,South Janetchester,2024-11-15
354,Summer Church,42,New Susanstad,2023-08-01
355,Charles Henry,44,Turnerbury,2025-03-19
356,Joyce Roberts,42,Contrerastown,2023-11-25
357,Holly Garcia,39,Barrytown,2024-01-04
358,Krista Walter,29,East Joseph,2024-11-10
359,Zachary Hawkins,26,New Pamela,2025-01-11
360,Barbara Graves,46,Port Reneefurt,2025-01-03
361,Mary Wilson,46,South Bryanstad,2024-04-28
362,Tyler Willis,28,Lake Feliciaburgh,2025-03-25
363,Stephen Vincent,38,Frostbury,2025-01-03
364,Sandy Nelson,59,Cohenberg,2023-07-12
365,Jennifer Davis,40,Bernardland,2025-03-09
366,Diana Anderson,27,Curtisburgh,2024-06-13
367,Steven Booker,51,Lake Michaelfurt,2024-09-08
368,Heidi Smith,51,Hesshaven,2024-04-04
369,Matthew Davis,18,North Andrewburgh,2023-07-07
370,John Hood,30,South Marymouth,2025-02-21
371,Christopher Ellis,36,East Stephanieshire,2025-05-08
372,Tiffany Cole,45,Kirkhaven,2025-01-03
373,Heather Taylor,37,Ramosburgh,2024-05-26
374,Michael Guerrero,28,West Gina,2024-06-19
375,Rhonda Stone,49,Dennishaven,2024-05-11
376,David Walker,21,North Garyberg,2024-05-06
377,Susan Flowers,43,West Bobby,2025-03-03
378,Kimberly Osborne,38,Feliciashire,2024-03-19
379,Matthew Johnson,27,Billyborough,2025-02-04
380,Alexandria Johnson,46,Danastad,2025-05-11
381,Richard Lawrence,57,Paulview,2023-07-28
382,Brandi Mathis,21,Janicechester,2024-12-18
383,Sandra Francis,38,Kristinaside,2025-01-19
384,Alexis Smith,26,New Brianview,2024-09-26
385,Joshua Morales,40,Howardburgh,2025-04-28
386,Lisa Anthony,39,Millerchester,2023-10-24
387,Monica Garrett,52,Port Victoria,2024-01-08
388,Christopher Woodard,45,South Brookebury,2023-11-15
389,Michael Smith,40,Davisborough,2025-01-18
390,Samuel Fitzgerald Jr.,19,Lake Melissa,2023-08-15
391,David Wilson,47,Morrisshire,2023-10-07
392,Anthony Gardner,48,North Johnnytown,2024-03-17
393,Donald Hernandez,35,Andersonfurt,2025-01-21
394,Tiffany Mills,52,Baileyview,2023-12-27
395,Krista Snyder,49,Ericaville,2025-06-09
396,Judy Anderson,46,Dennismouth,2023-08-11
397,Nancy Norton,19,New Vanessaport,2024-02-12
398,Katelyn Cox,58,West Dakotaton,2023-11-11
399,Charles Wilson,41,North Joshuaport,2024-05-22
400,Benjamin Cooper,24,Kimberlychester,2025-03-26
401,Amanda Francis,53,North Jonathanside,2024-06-28
402,Brett Ortiz,25,New Kayleeberg,2024-02-08
403,John Rose,54,Michaelfort,2023-12-02
404,Anthony Roy,23,South Sydneyberg,2024-07-30
405,Angel Jones,56,Chelseaberg,2023-10-13
406,Stephanie Blankenship,42,Port Lauraborough,2024-07-24
407,Tammie Elliott,34,North Sarah,2025-02-20
408,Stephen Lynch,48,South Michelle,2023-08-04
409,Dustin Osborne,50,Williamfort,2023-12-21
410,Andrew Townsend,38,Christinatown,2025-01-31
411,Sheila Barry,34,South Monicamouth,2024-11-06
412,Tara Hale,52,West Oscar,2024-05-22
413,Carlos Smith,48,Leonchester,2023-12-08
414,Nicole Kirk,48,Port Kevinside,2023-08-31
415,Kara Meza,22,Mcgeehaven,2025-03-21
416,Cindy Newton,21,New Kimberly,2025-03-10
417,Justin Barrett,45,Lake Rebecca,2024-12-21
418,Shari Richmond,54,West Madison,2024-07-04
419,Jeffrey Turner,21,Stephanieville,2025-04-25
420,Charles Underwood,27,West Josephmouth,2024-07-19
421,Michelle Chen,54,Port Alexismouth,2023-07-10
422,Michael Aguirre,57,Port Patricia,2025-07-03
423,Samantha Rivera,24,Schultzberg,2024-06-24
424,Laura Moore,41,North Jamesport,2023-07-15
425,Sarah Flores,39,Boyleton,2023-11-25
426,Michelle Lopez,48,East Christopher,2024-11-11
427,Heidi Griffith,41,New Trevor,2025-05-12
428,Benjamin Wilcox,36,South Debbieside,2025-03-31
429,Theresa Williams,49,Paynebury,2024-05-17
430,Tabitha Burns,19,Josephberg,2025-03-28
431,Jeremy Carlson,19,Amytown,2025-04-26
432,Daniel Foster,35,Doyleborough,2024-08-31
433,Autumn Allen,20,Petersonview,2025-04-01
434,Wesley Howard,47,Whitneyview,2024-10-30
435,Elizabeth Landry,45,Brownchester,2025-02-02
436,Brian Fuentes,52,Johnsonfurt,2023-09-21
437,Lawrence Gutierrez,41,South Amandashire,2024-06-04
438,Pamela Thornton,43,Lake Brent,2023-07-31
439,Sonya Wright,35,South Melodymouth,2024-10-23
440,David Carlson,25,Coxborough,2025-02-25
441,Shannon Morris,29,Franklinborough,2025-05-15
442,Daniel Boyd,19,South Angelaport,2025-06-14
443,Melissa Williams,24,West Lindaland,2025-02-02
444,Kaitlyn Hernandez,52,East Jessicabury,2023-12-29
445,Teresa Blake,53,Bradleyfurt,2024-08-18
446,Amanda Thornton,35,West Jeanette,2023-12-20
447,Angela Williams,42,West Marc,2024-02-20
448,Thomas Kelly,29,Michealville,2025-03-12
449,Sara Rosales,21,Tiffanyborough,2023-10-26
450,Willie Williams,42,South Marymouth,2024-08-23
451,Melissa Taylor,27,Frazierhaven,2024-03-18
452,Troy Webb,19,Leslieshire,2024-10-31
453,Amanda Knapp,51,Patrickmouth,2024-07-01
454,Kiara Perry,23,Rosstown,2025-02-24
455,Diane Lopez,30,West Valeriebury,2025-06-25
456,Joseph Farrell,23,Port Carrie,2024-03-15
457,Deborah Wilson,36,North Victor,2024-07-17
458,Greg Davis,28,Tuckerland,2023-08-15
459,Morgan Moreno,20,Martinfort,2025-01-06
460,Jessica Carter,46,Murphyfurt,2024-11-21
461,Angela Jenkins,22,Zimmermanview,2023-08-06
462,Denise Campbell,23,New Joshua,2024-11-19
463,Christina Stout,49,West Barbara,2023-09-14
464,Michael Mason,39,Lake Raymondfort,2024-02-10
465,Jasmine Le,46,New Lynnside,2025-04-04
466,Christopher Green,35,North Jamiemouth,2024-03-18
467,Rachel Friedman,56,East Nathanmouth,2024-12-01
468,Katherine Murphy,38,Lake Kirkmouth,2024-12-28
469,Tanner Collins,35,Ashleyborough,2024-07-18
470,Mrs. Katie Thompson MD,36,Knightburgh,2024-06-23
471,Sarah Davies,35,Adrianfurt,2024-03-18
472,Garrett Walker,24,New Jamie,2024-10-28
473,Angela Smith,58,Wendyburgh,2024-04-14
474,Erin Miller,32,Lawsonton,2024-12-05
475,Lindsey Brady,46,East Jenniferfort,2025-01-20
476,Erin Haynes,58,North Carly,2025-01-31
477,Jennifer Potts,26,New Randallland,2024-04-18
478,Anthony Williams MD,46,Hesschester,2024-11-02
479,Victoria Ford,47,Port Jillbury,2023-11-05
480,Brittany Morrison,35,South Jamesmouth,2025-05-28
481,Cole Ramirez,57,Pricemouth,2023-12-15
482,Danielle Hancock,52,East Brianna,2023-11-08
483,Laura Lucas,23,Lake Jeffrey,2025-06-21
484,Tyrone Cross,36,Oliviabury,2024-01-16
485,Angela Johnson,22,Davidfort,2023-10-12
486,James Johnson,27,Mooreville,2025-02-19
487,Norman Vasquez,58,North Robertborough,2025-06-01
488,Kenneth Martin,30,Port Frankberg,2025-03-21
489,Peter Carlson,55,South Melissa,2024-03-22
490,Christopher Stone,56,Port Christopherborough,2024-03-20
491,Brittany Hayes,54,Jonathanview,2024-01-14
492,Ryan Santiago,33,Cynthiatown,2024-12-02
493,Michael Parker,50,Port Lauren,2025-03-26
494,Denise Lee,59,Francistown,2024-05-05
495,Kimberly Knapp,20,South Raymond,2024-01-12
496,Benjamin Green,32,Lake Keithmouth,2025-04-26
497,Ellen Beltran,18,East Timothyland,2025-05-09
498,David Jackson,26,Colintown,2025-03-17
499,Calvin Taylor,41,Gonzalezton,2025-04-03
500,Matthew White DDS,40,South Johnny,2024-02-25
501,Jacob Hubbard,26,East Joshuaton,2023-11-11
502,Anthony Gilbert,49,Lake Valeriestad,2025-02-15
503,James Lambert,47,Whitemouth,2023-07-18
504,Samuel Perkins,34,Brookeland,2025-02-04
505,Katrina Jenkins,43,Catherineside,2024-12-20
506,Nathan Arnold,39,Gibsonborough,2024-05-04
507,Scott Byrd,25,Johnsonside,2024-11-15
508,Ian Chavez,45,North Kellyshire,2025-02-08
509,Kelly Jordan,40,North Jenniferport,2025-01-07
510,Amber Banks,20,West Tiffanyfort,2023-08-26
511,Jennifer Lee,50,Shellyhaven,2024-08-31
512,John Haynes,33,South David,2024-01-23
513,Kayla Ramsey,50,West Nicholasmouth,2025-01-25
514,Christopher Burton,43,South Ryan,2023-12-19
515,Jessica Brooks,58,West Shelly,2024-01-22
516,Michael Herring,36,New Martinchester,2024-03-03
517,Steven Chavez,27,West Collin,2025-04-01
518,Kimberly Reynolds,56,Jonesfurt,2024-03-09
519,Emily Carter,35,North Christinatown,2025-05-11
520,Jason Navarro,52,Williamchester,2024-01-26
521,Mr. Joseph Spencer,58,New Kimberlyshire,2025-05-10
522,Mr. Chad Davis,40,Ariastown,2023-09-03
523,Dawn Dunn,37,North Abigailmouth,2023-10-27
524,Antonio Lopez,59,Sharonmouth,2024-12-23
525,Michael Murphy,42,Crawfordshire,2024-04-22
526,Monica Barnes,25,East Phillip,2024-10-27
527,Joseph Greene,34,Harrisonmouth,2023-11-07
528,Gary Harrell,27,Moniquechester,2023-10-14
529,Jennifer Baker,30,Brandiside,2024-04-20
530,Robert Lara,18,Hernandezmouth,2024-03-10
531,Erica Patterson,29,Brownshire,2024-10-21
532,John Gallagher,41,Lake Theresastad,2024-11-29
533,Kimberly Cummings,52,East Tammy,2024-12-17
534,Catherine Bailey,25,Holmesfurt,2025-02-18
535,Mrs. Julia Chapman DVM,25,Lake Renee,2025-06-15
536,Cody Hardy,18,Barbarafort,2024-03-29
537,Donna Johnson,25,Tuckerside,2025-01-18
538,Michael Valenzuela,52,New Brandon,2024-11-18
539,Amy Beltran,34,Port Ashleyfurt,2024-08-24
540,Billy Hall,30,Michellemouth,2024-12-16
541,John Andrews,37,Jenniferchester,2024-04-03
542,Francisco Lam,24,West Brittany,2024-04-07
543,Madison Jordan,24,South Chelsea,2024-02-05
544,Scott Cole,24,Beasleystad,2025-01-01
545,Danielle Jones,54,Dakotaport,2024-09-22
546,Carla Smith,36,East Davidview,2023-09-21
547,Adam Pacheco,36,Lake Todd,2025-04-15
548,Ashley Jarvis,57,Coxbury,2024-02-17
549,Danielle Brady,43,Amandafort,2024-12-20
550,Sara Bonilla,26,Bartonborough,2024-03-18
551,Elizabeth Hayes,21,North Jeffrey,2024-02-21
552,Oscar Daniels,31,Jackmouth,2024-10-23
553,Adam Smith,50,North Lori,2024-02-11
554,James Black,30,New Andreaton,2025-05-06
555,Mark Barnett,41,Nancyburgh,2024-07-06
556,Xavier Hunt,38,Janetville,2024-04-17
557,Cody Bell,46,Ericshire,2024-01-09
558,Jay Garrett,22,Kennedyfurt,2025-02-20
559,Cynthia Taylor,30,West Stephanieville,2025-03-23
560,Jacob Foster,51,Debrabury,2023-07-22
561,Connie Stewart,57,Jamesview,2024-11-29
562,Dawn Ramirez,27,Carriefort,2024-09-19
563,Ashlee Flynn,32,Alexanderview,2025-06-12
564,Jonathan Hodges,34,Marcborough,2024-09-25
565,Nicole Garner,44,Port Christine,2024-04-26
566,Wendy Shepherd,38,Jacksonhaven,2024-12-10
567,Amanda Roberts,36,Davishaven,2024-07-25
568,Megan Smith,56,Tylerview,2024-02-21
569,Emma Contreras,29,East Peterland,2025-03-16
570,Jasmine Martin,19,Robertsonfurt,2024-06-25
571,Scott Salazar,48,Edwardsville,2024-04-30
572,Erica Smith,38,North David,2025-06-24
573,Thomas Perry,38,Lindseychester,2024-06-24
574,Anthony Hill,35,Lake Jessicaport,2024-04-26
575,Hayden Roberts,42,Underwoodchester,2024-02-09
576,Steven Nolan,28,Lake Brittany,2023-12-17
577,Jeff Walker,37,Lake David,2023-11-10
578,Jennifer Joyce,24,Lake Deborahland,2025-06-20
579,Bradley Clark,56,Chrishaven,2024-03-30
580,Christopher Robinson,23,West Nicole,2025-06-13
581,Aaron Miller,37,East Victoriaburgh,2025-05-07
582,Valerie Stewart,32,Matthewville,2024-05-04
583,Bruce Dixon,28,South Dakotachester,2025-02-10
584,James Duran,32,South Austin,2023-07-24
585,Jennifer Ford,36,Lake Heathertown,2025-06-19
586,David Reese,39,Karenmouth,2024-09-02
587,Justin Harrington,19,West Samueltown,2023-11-06
588,Thomas Douglas,36,Charlesfurt,2024-11-18
589,Karen Lopez,42,Ramosland,2023-08-16
590,Christina Harris,47,East Brian,2025-06-06
591,Mark Barton,31,Port Jasonview,2023-11-24
592,Michelle Lambert,38,West Timothystad,2024-04-14
593,Katelyn Harrison,48,Whitakerbury,2025-01-12
594,Morgan Roth,24,West Kylechester,2023-11-15
595,Joshua Zimmerman MD,45,New Johnbury,2024-01-25
596,Sean Dean,54,Griffinview,2023-09-16
597,Jessica Figueroa,29,Lake Meganton,2025-02-10
598,Bryan Gonzales,41,New Moniquehaven,2023-07-17
599,Rebecca Vincent,26,Mercadochester,2024-10-29
600,Juan West,54,Lynnchester,2025-02-28
601,Robert Brown,20,West Williamview,2025-01-28
602,Carol Fisher,19,Jenniferview,2025-03-27
603,Stacey Montes,58,South Tanner,2025-02-07
604,Connie Lowery,50,North Markton,2024-09-08
605,Mrs. Stephanie Ellis,58,Flynnton,2024-01-16
606,Jeffrey Long,21,Williamfort,2024-10-26
607,Sarah Moore,37,Annetteport,2024-11-15
608,Emma Mcdonald,56,Walterberg,2025-01-03
609,Elizabeth Hobbs,26,Farrellside,2025-05-22
610,Ashley Davis,31,Lake Lance,2024-03-04
611,Tiffany Sanders,51,Robinsonland,2024-07-02
612,Jared Brown,48,Gordonfurt,2025-03-25
613,Philip Robles,27,West Mollyview,2024-04-02
614,Mary Smith,50,Pacemouth,2024-07-30
615,Dawn Johnson,32,New Williamberg,2025-03-13
616,Christopher Golden,55,Matthewberg,2024-03-01
617,Maria Anderson,42,Scottburgh,2023-11-01
618,Theresa Patterson,37,South Rodney,2025-05-14
619,Andrea Price MD,43,New Timothy,2023-12-07
620,Crystal Brewer,18,Fieldsfurt,2024-02-05
621,Maureen Lee,41,Port Michaelbury,2024-02-07
622,Mr. Joel Barker,53,Lake Kellymouth,2023-09-07
623,Crystal Garcia,22,Joshualand,2025-03-25
624,Maria Wilson,19,New Meganbury,2023-07-08
625,Scott Cole,33,East Christineshire,2023-08-26
626,Stephen Webb,24,Cynthiafort,2024-10-27
627,Debra Vang,30,West Christopher,2025-06-22
628,Shawn Washington,57,Jensenfurt,2023-09-15
629,Sophia Chung,19,Lake Debra,2024-10-09
630,Samantha Simmons,57,Anthonychester,2024-01-27
631,Clinton Taylor,45,New Randy,2023-07-22
632,Julie Norris,18,West Jerryview,2024-05-23
633,Donald Russo,39,Charlesburgh,2025-05-23
634,Paul Flores,45,Millerport,2023-10-27
635,Megan Livingston,34,Byrdville,2025-06-03
636,Wanda Baker,32,North Victoria,2024-05-31
637,Kimberly Velazquez,50,Reesechester,2023-12-09
638,Ariana Wilson,35,East Steventown,2024-07-01
639,Eric Williams,26,Reneechester,2024-07-08
640,Deanna Jones,28,Lake Christopher,2024-11-09
641,Sandra Carter,59,Gonzaleztown,2025-02-02
642,David Murphy,33,North Jenniferfurt,2023-07-19
643,Patricia Coleman,33,Georgefurt,2023-10-12
644,Matthew Bailey,40,West Anthonyburgh,2023-11-02
645,Erika Jennings,44,Melaniechester,2024-08-30
646,Kathleen Anderson,37,Josephberg,2025-03-03
647,Joseph Allen,40,Amyland,2024-10-13
648,Angela Stout,46,Brandiport,2024-08-01
649,Savannah Hernandez,19,West Cynthia,2024-04-29
650,Allison Garcia,20,North Vanessafort,2024-06-03
651,Robert Holt,53,North Lorichester,2025-05-15
652,Danielle Santiago,32,South Robert,2023-07-26
653,Sarah Richards,19,Julieborough,2023-08-26
654,James Yu,42,Eriktown,2024-06-19
655,Carl Valdez,41,South Emilyton,2024-04-09
656,Bradley Burgess,45,Nicolemouth,2024-07-31
657,Brian Gutierrez,25,North Andrew,2024-07-10
658,Roberto Arnold,56,Lake Mark,2024-08-20
659,Brandy Dominguez,24,Hessfort,2023-10-28
660,Ann Nash,19,East Annaport,2024-08-23
661,Mitchell Hodges,24,Alvinville,2023-10-22
662,Heather Williams,45,Port Hayley,2023-08-18
663,Paul Leblanc,53,Dayview,2025-06-21
664,Michelle Thomas,53,Lake Seanside,2023-09-11
665,Lauren Kennedy,42,New Bruce,2025-05-11
666,Gregory Jordan,44,North Eric,2023-07-19
667,Cesar Green,26,Bryanville,2023-11-21
668,Wanda Patterson,38,Patrickburgh,2025-06-26
669,Alexander Shepherd,37,Lewisstad,2024-01-31
670,Dorothy Mora,53,New Brian,2023-12-16
671,David Terry,30,New Terri,2023-08-25
672,Joshua Merritt,46,South Garyshire,2024-05-14
673,Leslie Berry,41,Tracybury,2024-07-08
674,Tiffany Wheeler,29,East Williamview,2024-01-17
675,Matthew Hancock,32,Susanview,2023-07-26
676,Mary Brown,50,West Elizabeth,2023-09-24
677,Brittany Lawson,20,Chanshire,2024-03-23
678,April Vaughan,19,Andrewville,2025-06-07
679,Jim Michael,41,Petersonshire,2024-10-31
680,Ashley Allen,56,Michaelchester,2024-11-20
681,Eric Mora,30,Flemingville,2024-09-18
682,Shawn Garcia,29,North Natashamouth,2023-09-08
683,James Zuniga,37,Joshuashire,2025-02-20
684,Jennifer Hansen,54,West Paula,2025-04-07
685,Michael Malone,27,Gonzalezmouth,2025-01-28
686,Jay Rubio,20,Allenbury,2024-08-19
687,Michelle Vaughn,30,Lake Hollyburgh,2024-04-27
688,Pamela Lee,40,West Roberta,2025-03-23
689,Christine Williams,47,Keithbury,2024-02-18
690,Joseph Erickson,38,West Samuelville,2025-05-11
691,Vanessa Bass,36,Rebeccaborough,2024-08-13
692,Kimberly Medina,27,West Ericafort,2023-08-30
693,Travis Reynolds,48,Lake Clairestad,2023-11-12
694,Brian Woods,41,Port Crystalburgh,2023-11-20
695,Christian Munoz,53,Adamtown,2024-09-05
696,Heather Henderson,29,Schmidtland,2025-01-22
697,Bruce Lowery,31,Lake Jasonton,2024-02-29
698,Mrs. Morgan Zimmerman DVM,49,Lake Robinton,2025-05-14
699,Amanda Holmes,21,Lake Nicholas,2024-05-07
700,Joseph Patterson,34,Coopermouth,2023-10-31
701,Joseph Jordan,45,New Lindsay,2024-09-07
702,David Gilbert,18,Hallfurt,2025-04-14
703,Tony James,42,East Stefanieland,2024-06-14
704,Joshua Miller,24,Wilsonborough,2023-10-29
705,Jennifer Fernandez,46,West Jameshaven,2024-02-11
706,Eric Thomas,43,Lake Elizabeth,2024-06-26
707,Katherine Santos,59,West Wandaburgh,2023-07-05
708,Angela Morrison,55,Brianamouth,2023-08-14
709,Mark Sawyer,47,Gonzalesview,2023-07-07
710,Keith Palmer,45,Natashatown,2023-12-15
711,Jessica Scott,39,New Darren,2025-04-16
712,Donald Hardy,54,West Vickie,2024-07-23
713,Ricky Watson,24,Chambersbury,2024-11-26
714,Tasha Mccann,59,West Jacobview,2024-10-16
715,Theresa Boyd,55,Graybury,2023-12-07
716,Christine Garcia,53,South Gary,2023-11-20
717,Wendy Harper,35,Sweeneychester,2025-05-25
718,Mr. Jason Murphy DVM,45,New Monicamouth,2023-07-26
719,Joshua Carroll,36,South Bradleyfurt,2024-01-15
720,Mallory Gray,24,South Nicoleberg,2024-05-04
721,Jorge Dixon,41,Gabrielview,2024-10-25
722,Jessica Ferrell,54,South Rachelberg,2025-02-12
723,Jade Taylor,27,Harveyfurt,2025-05-22
724,Julie Dickson,52,Moranbury,2024-06-06
725,Craig Dean,25,South Charlesstad,2023-10-07
726,Brandon Schroeder,47,Shelleybury,2024-06-13
727,Heather Smith,20,South Mary,2024-08-25
728,Brian Larson,38,Shelbymouth,2024-11-20
729,Nicholas May,21,Carlsonstad,2024-10-11
730,Timothy Baldwin,38,North Marcus,2025-04-06
731,Veronica Johnson DVM,41,Gonzalezmouth,2024-10-26
732,Maria Horton,51,Sherryshire,2024-05-28
733,Kevin Dillon,58,Port Amy,2024-04-21
734,Matthew Conner,35,Ramosview,2023-11-05
735,Cesar Thomas,30,New Deborahberg,2024-04-05
736,Victoria Suarez,49,Eduardoton,2024-06-10
737,Leah Castillo,28,Ellisonhaven,2025-01-12
738,Jamie Gardner,47,Port Franklin,2024-07-01
739,Jessica Robbins,47,Johnstonmouth,2024-05-02
740,Lisa Johnson,29,Carlside,2023-09-17
741,Scott Ruiz,52,Bellburgh,2024-12-20
742,Trevor Bell,39,South Allisonville,2024-07-06
743,Mathew Simmons,58,Briannaborough,2024-01-07
744,Christopher Anderson,44,Torresside,2024-01-27
745,Steven Lynch,32,New Emilytown,2023-12-19
746,Jamie Watkins,46,South Steven,2024-07-24
747,Elizabeth Smith,42,Kennethport,2025-05-30
748,Dorothy Hawkins,52,South Bradley,2024-06-01
749,Alicia Lloyd,24,Port Darrellshire,2025-06-01
750,Joshua Kim,54,Mccoyside,2024-01-02
751,Angelica Chan,59,New Ashleybury,2024-06-04
752,Nicholas Adams,51,North Garrettshire,2024-06-08
753,Timothy Spears,58,Deleonstad,2024-08-02
754,Amanda Romero,59,New Laura,2024-04-17
755,Laura Davis,35,West Francesland,2023-11-25
756,Brian Sanchez,50,North Michael,2024-11-05
757,Lawrence Schmidt,22,Charlesland,2024-11-03
758,Chris Juarez,33,East Alexisview,2025-05-19
759,Rachel Garcia,38,Lake Seanside,2023-11-09
760,Joseph Castillo,32,Ashleyhaven,2025-02-04
761,Robert Ford,28,West Veronica,2023-08-03
762,Charles Meyer,40,Pearsonfort,2024-07-09
763,Tyler Smith,46,East Christine,2025-01-19
764,Julie Ray,20,Robertston,2025-01-01
765,Jeffrey Keller,55,Lake Brandon,2023-11-09
766,Lisa Snyder,20,Port David,2023-07-10
767,Derek Noble,18,North Lauraton,2023-10-09
768,Loretta Foster,57,New Richardmouth,2024-08-27
769,Robert Key,24,North Alexis,2024-03-15
770,Kayla Singleton DDS,45,Lake Elizabethtown,2024-04-25
771,Kathleen Washington,22,North Garyside,2024-07-26
772,Melissa Terry,39,Johnborough,2024-06-04
773,Thomas Morris,40,Christophermouth,2025-06-27
774,David Evans,34,Kylefort,2023-07-29
775,Tina Dixon,54,Port Brittany,2023-10-10
776,Rebecca Castro,54,Port Meganville,2023-11-04
777,Martin Allen,51,Ryanside,2023-08-15
778,Kevin Vargas,24,North Samuel,2024-11-19
779,Thomas Webb,27,Port Danaberg,2023-11-13
780,David Rogers,42,Lake Nicoleshire,2024-05-29
781,Johnny Zimmerman,27,Port Jillhaven,2024-09-06
782,Alyssa Roman,34,Adammouth,2025-03-18
783,Aaron Hinton,47,Lewisville,2023-08-17
784,Daniel Harper,48,Port Mary,2023-07-31
785,Sharon Brown,18,Kingtown,2023-12-31
786,Michael Schultz,21,Bryantport,2023-10-01
787,Amber Valdez,56,Jonathanton,2024-05-27
788,Melissa Brown,56,East Theodore,2023-10-29
789,Alexander Bauer,32,Michelleland,2024-04-17
790,John Jones,22,West Jason,2023-12-17
791,Jason Gross,50,Lewisview,2023-07-24
792,Carlos Watts,35,Velezfurt,2024-09-18
793,Theresa Watson,21,Robertshire,2024-01-01
794,John Mathews,44,Glovermouth,2024-06-13
795,Kathy Adams,21,Sullivanstad,2025-02-12
796,Lori Dunlap,37,West Peterfurt,2023-09-03
797,Madison White,59,Gainesmouth,2025-01-07
798,Charles Kane,47,Francochester,2023-10-28
799,Aaron Trevino,43,Howardfort,2025-05-27
800,Ashley Greer,18,North Tinaton,2024-05-23
801,Phillip Morales,39,Port Jessicastad,2024-08-07
802,Sharon Griffith,26,Karenchester,2025-04-19
803,Sarah Wilson,47,West Luke,2024-03-12
804,Carrie Wood,58,Brewerview,2024-11-10
805,Trevor Smith,19,Port Fred,2024-10-18
806,Vincent Cain,41,Kimberlyfort,2023-10-31
807,Anthony Peck,24,Lake Tracey,2023-10-24
808,Kelsey Walker,19,Brendaland,2024-07-09
809,Kelsey Huerta,29,South Gina,2025-06-01
810,Dennis Hall,58,Evanston,2025-03-21
811,Jennifer Bryant,37,New Crystalberg,2025-06-23
812,Cory Blair,32,Rebekahville,2023-12-04
813,Kara Davis,24,Abbottborough,2024-02-28
814,Kristie Watts,26,Thomasstad,2023-08-10
815,David Johnson,41,Conniestad,2024-05-19
816,Jennifer Grimes,52,Ingramburgh,2024-09-19
817,Brandon Davis,21,Austinville,2025-06-27
818,Maria Scott,39,Lake Brianside,2024-01-03
819,Randy Atkins,24,West Cassandra,2025-01-20
820,Travis Ortiz II,51,West Jamesstad,2024-07-28
821,Philip Johnson,45,East Saraberg,2023-08-20
822,Wayne Turner,42,Johnshire,2024-11-01
823,Jennifer Pollard,26,Lake Edgar,2023-08-18
824,Miss Amy Garcia,37,West Daniel,2024-12-16
825,Kimberly Smith,39,North Susan,2024-01-18
826,Sarah Herrera,24,East Travis,2024-08-23
827,April Tate,46,Kaylabury,2023-08-30
828,Austin Beltran,30,North Michaelhaven,2023-10-13
829,Timothy Jones,50,Tonyaport,2024-05-26
830,Justin Todd,56,Lake Chelseatown,2024-03-13
831,Paul Kennedy,32,Robertmouth,2025-06-23
832,Colton Johnson,27,West Jonathan,2025-03-17
833,Anthony Cain,44,East Christina,2025-02-19
834,Mark Solomon,29,Port Carl,2024-08-24
835,Brett Cobb,36,Tranborough,2024-07-07
836,Stephen Johnson,33,Watsonport,2023-10-25
837,Christine Mueller,18,North Sean,2025-02-23
838,Glenda Compton,52,West Brittanymouth,2023-07-05
839,Carrie Alvarez,22,Gonzalezstad,2024-04-14
840,Richard Young,53,East Mark,2023-09-20
841,James Alexander,21,Jenniferborough,2024-01-27
842,Adriana Miller,41,Port Ryan,2024-08-09
843,Jacob Odonnell,56,New Moniqueshire,2023-10-19
844,Brittany Thomas,18,West Chris,2025-06-02
845,Johnny Lee,58,Joshuaview,2024-11-06
846,Brianna Miller,55,Josephton,2023-08-05
847,Pamela Hayes,57,Lake Joseph,2024-10-16
848,Nicholas Barnett,30,New Roberthaven,2024-12-27
849,Johnny Young,52,New Brandon,2024-02-25
850,David Herring,58,Katherineton,2023-11-13
851,Wesley Kelly,39,Smithshire,2025-03-11
852,Michael Wagner,21,East Laurenstad,2024-02-01
853,Colleen Hart,55,Port Scottmouth,2025-04-02
854,Eric Orr,26,Johnton,2023-08-20
855,Renee Graham,32,Bullockmouth,2023-11-25
856,Brian Walton,48,West Devonview,2023-12-25
857,Jason Peterson,26,New Charlene,2025-02-15
858,Deanna Lewis,19,Jaredshire,2024-10-14
859,Debbie Thomas,46,Brendaland,2025-03-06
860,Michelle Hall,53,East Bonniehaven,2025-01-15
861,David Hernandez,55,Chapmanburgh,2024-07-23
862,Sarah Butler,57,Melissaland,2023-12-09
863,Jimmy Brown,59,Christophermouth,2024-04-29
864,Jean West,45,Douglasburgh,2023-07-31
865,Julie Ross,19,Kimberlyberg,2023-07-28
866,Adam Parker,30,Ryanview,2024-07-14
867,Mark Oconnor,58,Susanfurt,2024-12-16
868,Jim Fox,26,Youngport,2024-09-03
869,Kevin Miller,47,Lake Stephen,2024-12-20
870,Felicia Osborne,22,Patelmouth,2023-08-13
871,Chad Wolf,49,Brookeville,2025-01-21
872,Ryan Smith,19,South Michelle,2024-07-12
873,Kathleen Mayer,53,New Christinemouth,2023-07-19
874,Crystal Hernandez,58,New Williamtown,2025-01-22
875,Samantha Williams,46,Port Jessica,2023-09-19
876,Barbara Leon,19,South Timothy,2024-01-01
877,Sean Thomas,47,Boydbury,2025-07-03
878,Cindy Woodward,26,Campbellshire,2024-01-29
879,Thomas Shelton,20,Paceton,2023-09-28
880,Jonathan Hays,45,North Carol,2025-01-28
881,Tammy Black,20,Michaeltown,2024-12-30
882,Shelly Miller,47,Port Kimberly,2025-04-25
883,Brenda Jennings,44,Karamouth,2023-12-13
884,Michael Green,19,Katieburgh,2023-08-06
885,Courtney White,58,Michaelport,2023-07-25
886,James Mcdowell,45,Lake Kayla,2023-11-17
887,Alejandra Gross,52,New Nancy,2024-06-05
888,Kyle Thompson,19,West Jessica,2023-10-29
889,Judith King,24,New Crystalmouth,2025-06-04
890,Brandi Houston DVM,55,Brandiville,2024-05-01
891,Justin Chapman,19,New George,2025-02-19
892,James Cortez,33,North Erikshire,2023-10-01
893,Lori Rodriguez,45,Ericborough,2023-10-10
894,Tamara Browning,28,West John,2024-01-05
895,Gina Jackson,58,South Marcusville,2023-10-10
896,Autumn Bush,29,New Jeffrey,2024-08-02
897,Stephanie Williams,18,Kathleenberg,2025-02-11
898,Felicia Williams,34,South Vanessatown,2025-06-21
899,David Johnson,19,Jenniferberg,2024-11-03
900,Janice Spencer,19,Lake Shannonport,2025-03-08
901,Alan Fuentes,32,Kyliebury,2025-01-27
902,Kyle Gregory,22,North Michelle,2023-08-13
903,Crystal Melendez,27,Lake Ashley,2024-08-02
904,Jennifer Chan,54,Port Ian,2024-11-15
905,Melinda Henry,59,South Kennethfurt,2024-03-29
906,Ryan Davis,26,Jonesburgh,2025-06-20
907,Amy Barnes,19,Freychester,2023-11-15
908,Robert Anderson,40,North Laurastad,2023-12-15
909,Mark Rodriguez,58,South Arthur,2023-12-14
910,Lori Hodge,49,North Katherine,2024-01-12
911,Cheryl Williams,50,New Jessicafort,2025-03-21
912,Amber Baker,18,Collierport,2025-03-16
913,Julie Sullivan,21,Myersside,2025-05-09
914,Dr. Ashlee Frank,33,Deborahmouth,2024-09-08
915,Joseph Zuniga,44,New Christinemouth,2024-03-26
916,Christopher Kirby,24,East Crystal,2023-11-07
917,Randy Conner,25,Perryhaven,2024-02-02
918,Jason Barker,57,North Gregory,2024-01-11
919,Vincent Thornton,23,Port Alex,2024-08-28
920,Tracy Silva,52,New Christopherstad,2024-12-06
921,Brandon Rosario,59,Melindaville,2024-04-04
922,Monique Conley,48,Veronicaland,2024-05-17
923,Natalie Thomas,59,Changbury,2025-05-18
924,Brett Klein,32,Christinemouth,2023-12-27
925,Emily Walls,32,Monicabury,2023-10-12
926,Patrick Duran,25,West Jamesborough,2025-05-10
927,Elizabeth Rodriguez,18,New Andrea,2024-09-03
928,Dominique Costa,42,West Michael,2023-12-12
929,Julie Mccann,25,Jennifertown,2024-10-17
930,Jeremy Harris,50,West Seth,2024-03-29
931,Heidi Wilkins,41,South Emmafort,2025-03-27
932,Alicia Jordan,19,Laurenshire,2025-02-08
933,Andrew Horn,46,Petersonville,2023-11-27
934,Amber Nelson,56,Johnmouth,2024-12-05
935,Tiffany Turner,20,Lake Christopherstad,2024-10-02
936,Gail Anderson,46,East Veronicafort,2025-05-04
937,Cynthia Wagner,29,Lake Jamietown,2025-05-27
938,Kenneth Holden,27,Port Carolynfort,2023-11-10
939,Jason Jackson,25,East Jenna,2024-03-28
940,Kimberly Strickland,36,New Kelly,2023-11-15
941,Kenneth Hensley,26,Douglasburgh,2024-08-03
942,Monica Thomas,41,Amandaview,2024-08-14
943,Sydney Cook,18,Thomasmouth,2023-09-07
944,Lindsay White,49,Maysborough,2025-05-29
945,Gary Thompson,43,Romerohaven,2023-09-20
946,Alexis Brandt,55,South Courtney,2025-05-04
947,Chelsea Adams,43,North Zachary,2023-07-23
948,Gregory Ferguson,52,Port Joshua,2024-03-07
949,Fernando Kim,51,Christopherport,2024-06-04
950,Nina Ramos,43,Port Rachelmouth,2025-02-08
951,Dr. Jeffrey Jones DDS,45,Michaelborough,2025-05-17
952,Patrick Macdonald,42,Stephenfort,2024-11-12
953,Peter Davis,47,Patriciaside,2025-02-11
954,Robert Gray,22,Yatesport,2024-07-26
955,John Jones,37,Rosechester,2024-11-11
956,Brian Escobar,56,Jacobfurt,2024-07-20
957,Richard Rodriguez,56,Beanhaven,2023-11-04
958,Mr. Joshua Morrison,52,New Stephanieborough,2025-01-19
959,Danielle Anderson,42,Kylemouth,2023-07-21
960,Timothy Foster,45,South Jason,2025-06-18
961,Bailey Bennett,49,North Jason,2024-12-04
962,Jacob Chavez,57,Luisstad,2025-03-03
963,Brittany Rojas,31,Holmesview,2025-02-26
964,Darlene Garcia,18,Webbburgh,2025-02-06
965,Denise Brown,59,Reynoldsberg,2025-03-07
966,Ashley Boyer,55,Prattbury,2023-07-30
967,Dylan Murray,56,Port Mark,2023-12-18
968,Kristin Smith,28,Lake Michelle,2025-06-19
969,Luis Martin,22,West Sharonchester,2025-02-01
970,Ashley Smith,34,Millerfort,2023-10-30
971,Dan Hart,24,Wyattside,2024-04-29
972,James Gonzalez,30,Bellhaven,2024-01-18
973,Selena Bennett,23,North Brett,2023-12-21
974,Samantha Bernard MD,35,Annshire,2025-03-31
975,Amy Sanchez,49,Maysfort,2024-03-11
976,Barbara Swanson,46,South Christophermouth,2025-01-20
977,Diane Pena,19,East Philip,2023-10-08
978,Gabriel Hawkins,31,South Ryan,2023-11-18
979,Heather Kelly,48,New Christopherburgh,2023-10-08
980,Hannah Blankenship,42,Benjaminview,2024-11-27
981,Scott Williams,48,South Melissahaven,2025-01-19
982,Michael Elliott,57,New Brittanyberg,2023-07-29
983,Julie Smith,49,Maddenchester,2024-07-22
984,Austin Todd,26,New Brenda,2025-01-04
985,Susan Allen,18,West Williambury,2025-02-15
986,Ian Cooper,33,East Susan,2023-09-01
987,Jamie Snow,54,New Virginiaborough,2023-11-02
988,Mary Santiago,52,West Yvonnestad,2023-07-27
989,Lawrence Ray,33,Williamchester,2023-07-14
990,Ryan Baker,50,North George,2023-09-26
991,Jennifer Gibbs,26,Samanthamouth,2023-07-14
992,Jesse Mosley,37,Lake Jose,2024-08-18
993,Peter Baker,26,East Aarontown,2024-09-09
994,Michael Parsons,43,Martinstad,2025-05-13
995,Amber Cross,24,Tammymouth,2024-05-27
996,Juan Hopkins,40,Joshuatown,2024-10-22
997,Jessica Black,46,Dakotachester,2025-01-17
998,Daniel Ramirez,35,Alihaven,2024-09-10
999,Joel Mendoza,34,Robertatown,2025-04-03
1000,Kayla Mata,25,Lake Sarah,2025-04-05
